,training_time,validation_rmse,test_rmse,prediction_time
Linear Regression,0.578125,2737.25144238378,2755.1134319272614,0.058460759999979926
Random Forest,1283.9035992000008,1612.7051024042416,1638.2638009563968,0.5062390299997788
Decision Tree,87.09005160000015,1647.9244701832472,1677.7583511158641,0.06471131999969656
LightGBM,55.60019309999916,1494.338997531345,1528.5583577515483,0.11317051999994873
XGBoost,246.34380320000128,1482.0079152070696,1502.246597518311,0.15497770000038144
CatBoost,1039.8710259,1503.1003431192473,1535.1383540482327,0.10153181999976368
